scooter_id,w,h
1,185,413
1,185,414
1,186,416
1,187,419
1,189,421
1,190,423
1,191,424
1,191,425
1,192,425
1,192,427
1,193,427
1,192,428
1,192,428
1,193,428
1,193,428
1,191,427
1,191,427
1,192,427
1,192,427
1,192,427
1,191,427
1,191,426
1,192,426
1,191,426
1,193,427
1,192,427
1,192,428
1,192,429
1,192,429
1,192,429
1,193,429
1,193,429
1,193,429
1,194,430
1,193,429
1,194,429
1,194,429
1,194,429
1,194,430
1,194,430
1,194,430
1,194,431
1,195,432
1,194,433
1,195,434
1,195,435
1,194,435
1,194,434
1,195,436
1,197,437
1,198,438
1,198,439
1,199,440
1,199,440
1,199,440
1,199,440
1,198,440
1,198,440
1,197,439
1,198,440
1,197,441
1,199,443
1,198,444
1,198,445
1,198,445
1,198,444
1,197,444
1,197,444
1,197,444
1,197,444
1,198,446
1,198,446
1,198,446
1,198,447
1,198,447
1,197,446
1,198,446
1,199,447
1,199,447
1,199,448
1,199,448
1,200,449
1,200,449
1,199,448
1,199,447
1,200,448
1,200,449
1,199,449
1,199,449
1,199,448
1,200,448
1,200,449
1,201,449
1,201,449
1,202,449
1,202,450
1,203,450
1,203,450
1,203,451
1,203,452
1,204,452
1,204,453
1,205,453
1,205,453
1,206,454
1,206,454
1,206,455
1,207,455
1,207,456
1,208,456
1,208,456
1,208,457
1,208,457
1,208,457
1,209,459
1,209,459
1,209,460
1,209,459
1,209,458
1,211,459
1,211,459
1,211,459
1,211,460
1,211,460
1,212,460
1,213,461
1,213,461
1,213,462
1,214,462
1,213,462
1,214,463
1,214,463
1,213,463
1,214,462
1,214,463
1,215,463
1,215,464
1,215,464
1,215,464
1,216,464
1,217,465
1,217,465
1,218,466
1,218,466
1,217,466
1,218,466
1,218,467
1,218,467
1,218,467
1,219,468
1,219,468
1,219,468
1,218,468
1,219,469
1,219,469
1,219,469
1,219,470
1,220,470
1,219,470
1,219,470
1,220,471
1,221,472
1,221,473
1,222,474
1,222,474
1,222,474
1,221,474
1,223,474
1,222,475
1,222,475
1,222,475
1,222,476
1,223,477
1,222,477
1,222,478
1,222,477
1,222,477
1,222,478
1,221,478
1,222,478
1,222,479
1,222,479
1,222,479
1,221,479
1,221,480
1,222,480
1,223,480
1,222,481
1,222,482
1,222,482
1,220,477
1,220,475
1,220,474
1,219,474
1,220,476
1,221,476
1,222,477
1,222,477
1,223,479
1,225,481
1,226,482
1,227,482
1,228,483
1,228,484
1,230,485
1,230,486
1,231,485
1,231,485
1,233,485
1,233,487
1,234,489
1,234,490
1,234,490
1,235,492
1,235,493
1,236,494
1,236,494
1,237,495
1,236,496
1,237,496
1,235,495
1,235,497
1,236,499
1,236,499
1,236,501
1,237,503
1,237,503
1,238,504
1,239,505
1,238,506
1,239,507
1,239,507
1,239,507
1,239,509
1,240,509
1,241,510
1,241,511
1,241,512
1,243,513
1,244,514
1,244,515
1,244,515
1,245,515
1,245,515
1,246,515
1,246,515
1,246,516
1,246,517
1,246,517
1,239,508
1,237,506
1,237,510
1,237,511
1,237,510
1,236,510
1,237,512
1,237,513
1,237,513
1,238,513
1,240,518
1,240,521
1,242,523
1,243,523
1,243,524
1,242,522
1,242,524
1,243,526
1,243,527
1,244,528
1,244,529
1,245,530
1,245,530
1,244,529
1,243,527
1,243,528
1,242,530
1,245,537
1,247,542
1,248,541
1,249,544
1,250,545
1,251,546
1,250,544
1,252,545
1,254,552
1,258,562
1,260,567
1,261,570
1,261,572
1,260,570
1,259,567
1,260,572
1,261,572
1,260,574
1,261,575
1,261,576
1,260,575
1,258,572
1,258,573
1,257,574
1,256,575
1,256,577
1,255,575
1,256,578
1,254,575
1,255,575
1,253,571
1,252,569
1,251,562
1,251,561
1,250,556
1,249,555
1,250,555
1,250,554
1,252,559
1,254,565
1,255,566
1,259,574
1,262,583
1,263,587
1,263,588
1,262,589
1,263,590
1,265,596
1,267,599
1,268,602
1,269,604
1,269,604
1,268,605
1,268,603
1,269,605
1,270,607
1,271,607
1,272,609
1,273,609
1,275,613
1,276,615
1,277,617
1,278,621
1,278,619
1,279,623
1,279,626
1,280,628
1,280,629
1,280,630
1,280,630
1,281,630
1,280,628
1,279,626
1,280,628
1,281,630
1,282,632
1,281,632
1,281,630
1,281,629
1,282,630
1,284,633
1,286,637
1,287,637
1,295,657
1,299,667
1,300,671
1,302,674
1,302,674
1,292,645
1,300,665
1,296,652
1,303,669
1,309,678
1,312,682
1,314,684
1,314,685
1,317,690
1,317,692
1,319,697
1,323,705
1,327,717
1,329,722
1,331,727
1,330,724
1,329,721
1,328,718
1,331,719
1,332,719
1,335,724
1,337,727
1,341,728
1,346,737
1,346,733
1,347,732
1,349,735
1,352,735
1,353,734
1,355,734
1,357,734
1,357,734
1,358,733
1,358,730
1,359,729
1,360,731
1,361,730
1,363,731
1,364,731
1,363,728
1,364,727
1,365,727
1,366,726
1,366,726
1,367,728
1,368,728
1,367,728
1,368,727
1,367,726
1,367,725
1,367,724
1,366,723
1,366,724
1,366,724
1,366,723
1,366,723
1,365,722
1,365,722
1,366,724
1,366,724
1,366,725
1,365,724
1,365,724
1,366,726
1,367,727
1,363,726
1,357,724
1,345,722
1,339,721
1,334,719
1,328,719
1,326,719
1,349,714
1,352,717
1,353,717
1,354,717
1,356,719
1,355,718
1,355,714
1,355,711
1,358,715
1,361,717
1,360,717
1,361,711
1,367,714
1,360,715
1,352,714
1,344,713
1,339,712
1,336,712
1,334,711
1,341,711
1,346,711
1,349,713
1,350,714
1,353,715
1,354,715
1,356,715
1,356,714
1,358,714
1,358,713
1,361,713
1,361,712
1,363,714
1,364,717
1,366,720
1,365,721
1,365,720
1,364,721
1,363,717
1,356,699
1,353,692
1,355,693
1,356,695
1,360,703
1,362,708
1,362,708
1,360,703
1,360,703
1,360,704
1,360,708
1,361,713
1,361,716
1,360,716
1,360,715
1,359,714
1,359,713
1,358,712
1,357,711
1,356,711
1,355,711
1,355,710
1,353,708
1,354,707
1,355,705
1,354,703
1,351,700
1,351,700
1,350,699
1,351,699
1,351,698
1,351,698
1,352,699
1,352,698
1,352,696
1,352,696
1,351,696
1,351,694
1,350,693
1,350,692
1,351,692
1,351,692
1,352,693
1,353,693
1,354,694
1,354,694
1,355,693
1,354,693
1,355,694
1,355,693
1,355,693
1,356,693
1,356,692
1,356,692
1,355,692
1,354,692
1,353,691
1,354,691
1,354,692
1,355,693
1,355,693
1,353,692
1,353,692
1,352,692
1,352,691
1,351,691
1,350,690
1,350,690
1,349,690
1,347,689
1,347,690
1,345,690
1,342,690
1,339,690
1,338,690
1,335,689
1,334,689
1,323,672
1,327,681
1,327,684
1,327,685
1,325,684
1,322,684
1,321,683
1,319,683
1,318,682
1,316,682
1,315,682
1,315,681
1,314,679
1,313,679
1,314,678
1,312,678
1,311,675
1,310,675
1,309,674
1,309,674
1,308,674
1,308,673
1,308,673
1,308,673
1,307,671
1,307,670
1,308,671
1,308,670
1,309,671
1,308,669
1,307,669
1,307,668
1,307,668
1,309,670
1,309,669
1,310,669
1,310,669
1,311,669
1,312,669
1,312,668
1,313,668
1,313,667
1,313,667
1,314,668
1,315,669
1,315,669
1,315,668
1,316,668
1,316,667
1,316,667
1,315,666
1,316,664
1,315,662
1,315,661
1,314,660
1,315,659
1,316,658
1,315,657
1,316,656
1,317,656
1,318,656
1,317,656
1,318,655
1,319,656
1,319,656
1,320,656
1,321,655
1,321,655
1,320,653
1,321,652
1,320,651
1,320,650
1,320,649
1,320,648
1,321,648
1,321,646
1,320,645
1,321,644
1,321,645
1,320,644
1,321,644
1,322,644
1,321,643
1,323,643
1,324,643
1,324,643
1,324,642
1,324,640
1,325,639
1,326,639
1,327,639
1,327,638
1,327,637
1,328,636
1,329,635
1,329,634
1,330,634
1,330,633
1,331,633
1,331,633
1,332,633
1,331,633
1,333,632
1,333,631
1,333,631
1,334,631
1,335,630
1,335,630
1,336,630
1,337,630
1,337,630
1,338,629
1,338,628
1,339,627
1,339,627
1,340,626
1,341,626
1,341,625
1,342,625
1,343,625
1,342,624
1,343,623
1,343,623
1,344,622
1,345,621
1,345,621
1,345,621
1,346,621
1,345,619
1,345,618
1,345,618
1,346,617
1,344,615
1,345,615
1,345,614
1,345,615
1,345,614
1,345,613
1,345,612
1,345,611
1,345,610
1,343,607
1,343,605
1,343,604
1,342,604
1,343,604
1,343,603
1,343,603
1,342,602
1,343,601
1,343,600
1,343,600
1,343,600
1,342,599
1,342,597
1,342,597
1,342,597
1,342,596
1,341,594
1,341,593
1,342,594
1,341,592
1,341,591
1,341,591
1,342,590
1,341,590
1,340,588
1,337,582
1,337,579
1,338,584
1,336,581
1,338,585
1,334,580
1,333,578
1,332,577
1,332,576
1,332,576
1,331,575
1,331,575
1,331,574
1,331,574
1,331,574
1,331,573
1,330,570
1,329,567
1,328,565
1,328,565
1,328,565
1,328,563
1,325,558
1,324,555
1,324,552
1,324,553
1,325,553
1,324,551
1,320,540
1,316,532
1,314,527
1,320,536
1,323,539
1,323,540
1,320,532
1,317,527
1,313,520
1,316,523
1,316,521
1,319,523
1,320,524
1,321,524
1,321,523
1,322,523
1,322,522
1,322,522
1,322,521
2,341,615
2,341,614
2,341,614
2,341,614
2,340,613
2,339,611
2,339,610
2,338,609
2,338,609
2,338,608
2,338,608
2,338,607
2,338,607
2,338,607
2,338,608
2,337,607
2,337,606
2,337,606
2,337,605
2,337,604
2,337,603
2,336,602
2,337,602
2,337,602
2,335,600
2,335,599
2,336,599
2,337,600
2,337,600
2,337,600
2,337,601
2,337,601
2,336,600
2,336,600
2,335,599
2,336,598
2,336,598
2,336,598
2,336,598
2,336,598
2,335,598
2,335,598
2,335,597
2,335,597
2,335,596
2,335,596
2,335,596
2,335,596
2,335,597
2,335,597
2,335,597
2,335,597
2,335,597
2,336,597
2,335,596
2,335,596
2,335,595
2,335,595
2,335,595
2,337,595
2,336,594
2,335,594
2,335,593
2,335,593
2,334,592
2,334,591
2,334,590
2,334,590
2,333,590
2,333,590
2,333,590
2,334,590
2,333,589
2,333,588
2,334,588
2,334,588
2,334,588
2,333,588
2,333,588
2,333,587
2,333,587
2,333,587
2,330,582
2,329,581
2,329,580
2,329,580
2,328,580
2,328,579
2,328,579
2,328,579
2,328,579
2,328,579
2,328,578
2,328,578
2,328,578
2,328,578
2,328,578
2,327,578
2,327,577
2,327,577
2,327,577
2,328,577
2,327,576
2,327,576
2,327,576
2,327,576
2,327,576
2,327,576
2,327,576
2,326,576
2,326,575
2,326,575
2,326,575
2,325,575
2,325,575
2,325,574
2,325,574
2,324,574
2,325,574
2,325,574
2,325,574
2,324,574
2,325,574
2,324,573
2,324,573
2,324,572
2,324,571
2,325,570
2,323,570
2,323,569
2,323,568
2,323,568
2,323,568
2,325,568
2,324,568
2,324,567
2,325,567
2,326,568
2,326,567
2,325,565
2,325,564
2,325,563
2,325,562
2,325,561
2,324,560
2,325,559
2,324,556
2,324,557
2,325,556
2,324,556
2,324,555
2,324,554
2,326,555
2,326,555
2,327,556
2,327,556
2,326,554
2,326,554
2,326,553
2,324,551
2,324,550
2,324,549
2,325,549
2,325,548
2,325,548
2,325,548
2,324,547
2,322,543
2,322,542
2,320,536
2,318,532
2,318,532
2,319,532
2,319,532
2,319,533
2,319,533
2,319,531
2,319,530
2,319,532
2,321,534
2,321,536
2,321,536
2,321,534
2,320,535
2,320,534
2,321,536
2,320,530
2,319,527
2,319,527
2,319,527
2,320,526
2,320,525
2,320,525
2,321,525
2,321,524
2,320,523
2,320,522
2,320,522
2,320,521
8,113,172
8,114,171
8,114,171
8,117,172
8,118,173
8,119,173
8,121,174
8,122,175
8,124,176
8,126,177
8,127,178
8,129,180
8,129,180
8,129,181
8,124,174
8,125,174
8,123,173
8,122,173
8,120,172
8,120,173
8,120,174
8,122,176
8,122,176
8,121,176
8,121,176
8,121,176
8,120,175
8,121,175
8,122,176
8,122,176
8,122,176
8,120,174
8,120,173
8,120,172
8,122,173
8,124,177
8,126,177
8,125,176
8,117,160
8,116,158
8,118,159
8,117,156
8,119,157
8,136,181
8,138,182
8,129,170
8,133,174
8,134,176
8,135,177
8,135,177
8,135,178
8,135,177
8,135,176
8,134,176
8,135,177
8,135,177
8,134,177
8,134,177
8,135,177
8,135,178
8,136,179
8,137,178
8,137,178
8,138,178
8,138,178
8,150,193
8,149,195
8,151,197
8,155,203
8,155,204
8,144,190
8,138,180
8,138,179
8,137,178
8,137,177
8,136,176
8,137,177
8,138,176
8,137,175
8,137,174
8,138,175
8,139,174
8,139,175
8,139,176
8,140,177
8,141,177
8,141,176
8,140,176
8,141,177
8,141,176
8,141,177
8,143,176
8,143,177
8,144,180
8,148,187
8,144,182
8,144,182
8,158,202
8,161,208
8,153,197
8,143,184
8,140,180
8,142,183
8,151,195
8,153,200
8,150,195
8,149,193
8,145,188
8,134,172
8,130,164
8,129,160
8,129,158
8,128,156
8,130,156
8,129,155
8,136,162
8,171,210
8,153,188
8,144,176
8,142,175
8,142,174
8,142,174
8,143,175
8,143,174
8,140,170
8,140,168
8,140,168
8,133,161
8,132,160
8,136,165
8,136,166
8,124,150
8,124,149
8,126,150
8,125,147
8,126,146
8,126,145
8,128,146
8,129,146
8,129,146
8,129,146
8,131,147
8,131,148
8,131,148
8,131,147
8,132,148
8,132,149
8,133,150
8,132,150
8,133,151
8,136,155
8,142,164
8,148,175
8,148,177
8,147,176
8,152,185
8,151,186
8,152,188
8,153,193
8,151,193
8,148,190
8,142,184
8,142,181
8,142,179
8,143,180
8,144,180
8,144,180
8,144,179
8,144,179
8,144,179
8,144,178
8,145,178
8,145,180
8,145,180
8,146,180
8,146,179
8,147,181
8,147,181
8,147,181
8,148,180
8,150,182
8,150,183
8,149,182
8,149,182
8,149,182
8,149,182
8,151,184
8,151,184
8,158,195
8,158,197
8,156,197
8,156,199
8,155,199
8,152,195
8,150,191
8,152,195
8,153,196
8,221,328
8,205,334
8,208,339
8,214,373
8,208,384
8,201,386
8,195,387
8,194,390
8,191,391
8,186,386
8,182,384
8,177,383
8,177,389
8,175,391
8,173,391
8,170,391
8,169,390
8,168,390
8,168,391
8,166,390
8,164,386
8,163,385
8,163,385
8,163,386
8,163,387
8,164,387
8,163,387
8,164,387
8,164,388
8,165,389
8,165,389
8,165,389
8,166,390
8,166,390
8,166,392
8,166,392
8,166,392
8,167,394
8,167,394
8,167,394
8,168,396
8,168,397
8,169,398
8,170,400
8,170,401
8,169,402
8,169,403
8,169,403
8,169,403
8,168,404
8,169,403
8,169,404
8,169,404
8,169,405
8,169,406
8,168,407
8,168,408
8,168,408
8,168,410
8,168,411
8,168,411
8,167,412
8,168,413
8,168,413
8,168,414
8,168,413
8,169,414
8,170,415
8,170,416
8,170,414
8,171,414
8,172,416
8,172,417
8,173,416
8,175,418
8,175,419
8,176,419
8,177,419
8,177,417
8,180,420
8,183,424
8,186,428
8,187,429
8,187,428
8,186,428
8,186,428
8,185,429
8,185,427
8,185,426
8,185,426
8,186,426
8,184,424
8,186,427
8,188,429
8,189,430
8,189,431
8,190,431
8,191,432
8,192,432
8,192,431
8,192,430
8,193,431
8,195,433
8,196,433
8,196,434
8,197,434
8,198,435
8,199,435
8,200,435
8,200,435
8,200,435
8,201,436
8,203,438
8,204,439
8,204,441
8,205,442
8,206,443
8,206,443
8,206,444
8,207,445
8,209,447
8,210,447
8,210,447
8,213,448
8,213,449
8,214,450
8,215,452
8,216,452
8,217,454
8,218,455
8,218,456
8,219,457
8,221,458
8,221,459
8,222,459
8,223,460
8,225,463
8,225,465
8,226,466
8,227,467
8,228,468
8,229,469
8,229,470
8,230,469
8,230,469
8,231,469
8,231,469
8,232,471
8,234,473
8,235,473
8,235,473
8,236,474
8,238,474
8,238,474
8,239,475
8,241,477
8,242,479
8,243,479
8,244,483
8,246,484
8,247,485
8,247,485
8,247,486
8,248,487
8,249,488
8,249,488
8,248,487
8,246,484
8,245,483
8,245,483
8,245,485
8,246,486
8,246,487
8,246,484
8,246,486
8,248,489
8,249,490
8,250,492
8,251,493
8,252,494
8,253,495
8,254,497
8,255,498
8,256,500
8,256,501
8,257,501
8,257,502
8,258,503
8,258,504
8,259,506
8,260,507
8,261,508
8,262,509
8,265,516
8,263,512
8,264,511
8,263,510
8,264,511
8,264,511
8,263,509
8,265,514
8,267,520
8,268,524
8,266,521
8,263,516
8,262,516
8,260,512
8,257,508
8,255,506
8,255,505
8,254,504
8,256,508
8,255,508
8,254,509
8,255,510
8,255,512
8,256,515
8,255,515
8,256,518
8,257,521
8,257,521
8,257,522
8,258,525
8,260,530
8,261,531
8,262,536
8,265,544
8,268,548
8,270,551
8,269,549
8,270,553
8,271,553
8,270,550
8,269,548
8,270,550
8,270,548
8,271,550
8,270,546
8,271,546
8,270,544
8,271,547
8,273,549
8,272,547
8,275,550
8,276,553
8,278,558
8,275,553
8,274,550
8,275,551
8,273,547
8,274,548
8,275,549
8,274,548
8,273,544
8,276,552
8,276,552
8,276,552
8,275,551
8,273,548
8,273,549
8,278,558
8,280,566
8,282,572
8,283,575
8,283,575
8,283,575
8,280,572
8,280,570
8,278,568
8,278,564
8,279,569
8,280,571
8,282,575
8,281,573
8,286,583
8,288,588
8,289,590
8,290,591
8,291,596
8,292,598
8,292,600
8,294,605
8,294,607
8,295,609
8,295,609
8,293,607
8,293,605
8,294,606
8,295,607
8,296,612
8,290,600
8,288,594
8,287,591
8,288,592
8,297,609
8,301,615
8,304,620
8,307,624
8,311,633
8,314,639
8,305,621
8,301,615
8,299,611
8,298,609
8,296,605
8,296,607
8,298,610
8,299,610
8,299,610
8,300,611
8,300,613
8,300,613
8,303,618
8,303,618
8,304,620
8,303,620
8,304,621
8,308,628
8,309,629
8,317,646
8,319,653
8,321,655
8,322,657
8,323,658
8,324,661
8,326,664
8,326,664
8,326,665
8,326,664
8,326,664
8,326,665
8,327,665
8,327,665
8,326,665
8,327,666
8,327,666
8,329,668
8,329,669
8,331,671
8,332,673
8,333,675
8,335,677
8,334,676
8,335,677
8,336,677
8,336,679
8,337,678
8,337,678
8,338,678
8,337,677
8,336,677
8,336,677
8,338,679
8,339,681
8,340,682
8,340,682
8,341,682
8,341,684
8,342,684
8,343,685
8,345,686
8,345,687
8,346,687
8,346,686
8,347,686
8,347,685
8,348,686
8,350,686
8,352,687
8,353,688
8,353,688
8,355,688
8,356,689
8,356,688
8,356,687
8,357,687
8,357,687
8,358,689
8,359,691
8,361,693
8,363,696
8,364,697
8,365,699
8,367,704
8,368,705
8,368,707
8,369,708
8,370,710
8,370,711
8,371,712
8,371,713
8,371,714
8,372,717
8,372,719
8,372,720
8,372,722
8,373,724
8,373,724
8,373,725
8,373,725
8,373,726
8,373,726
8,374,728
8,374,729
8,375,733
8,375,730
8,375,734
8,372,735
8,371,737
8,370,737
8,371,736
8,375,738
8,375,736
8,376,737
8,376,739
8,378,739
8,377,739
8,377,739
8,377,738
8,377,738
8,377,737
8,378,739
8,379,740
8,378,740
8,377,739
8,375,737
8,372,734
8,373,734
8,371,732
8,372,732
8,372,731
8,371,731
8,370,732
8,368,730
8,366,730
8,366,731
8,366,731
8,365,731
8,365,732
8,365,732
8,364,732
8,364,732
8,364,732
8,363,732
8,362,732
8,362,730
8,362,731
8,363,731
8,363,731
8,363,729
8,362,726
8,360,726
8,358,725
8,357,724
8,355,722
8,354,720
8,353,719
8,353,718
8,351,717
8,351,717
8,350,716
8,348,716
8,349,716
8,349,716
8,349,716
8,348,716
8,347,716
8,348,715
8,348,715
8,349,714
8,348,713
8,348,712
8,348,712
8,349,712
8,347,712
8,347,712
8,346,712
8,346,712
8,344,713
8,344,712
8,344,712
8,345,711
8,344,711
8,343,711
8,343,710
8,341,708
8,342,708
8,341,708
8,340,708
8,339,707
8,339,707
8,338,705
8,337,704
8,336,703
8,336,702
8,337,702
8,337,702
8,336,700
8,335,700
8,335,701
8,336,702
8,336,701
8,335,701
8,335,701
8,335,701
8,333,700
8,333,699
8,335,699
8,334,699
8,334,699
8,334,699
8,335,698
8,335,698
8,335,698
8,337,699
8,339,699
8,340,699
8,341,700
8,342,699
8,342,699
8,343,698
8,342,698
8,344,697
8,344,697
8,343,695
8,343,696
8,344,696
8,345,697
8,345,697
8,346,697
8,338,698
8,332,698
8,325,697
8,321,696
8,317,696
8,314,695
8,313,695
8,309,695
8,308,694
8,307,693
8,306,692
8,306,692
8,308,692
8,309,693
8,312,693
8,313,693
8,313,693
8,314,689
8,316,686
8,318,686
8,321,687
8,323,686
8,326,687
8,329,688
8,332,689
8,334,687
8,337,687
8,340,688
8,344,692
8,347,695
8,350,696
8,352,695
8,355,696
8,357,698
8,358,698
8,356,693
8,356,691
8,355,689
8,353,689
8,348,693
8,344,695
8,342,695
8,342,696
8,341,697
8,341,693
8,340,692
8,338,690
8,338,688
8,337,687
8,340,686
8,340,686
8,339,688
8,337,688
8,335,688
8,334,688
8,331,688
8,330,688
8,327,688
8,326,687
8,324,687
8,323,687
8,323,686
8,321,686
8,321,686
8,320,686
8,319,686
8,320,686
8,320,686
8,317,686
8,317,684
8,315,684
8,316,685
8,317,685
8,317,686
8,317,686
8,315,684
8,313,684
8,312,683
8,311,682
8,310,681
8,309,681
8,308,680
8,307,677
8,307,677
8,307,677
8,307,677
8,306,675
8,306,673
8,300,658
8,305,665
8,308,667
8,309,667
8,311,666
8,312,667
8,313,666
8,314,664
8,316,664
8,314,661
8,315,660
8,317,661
8,319,661
8,320,660
8,321,659
8,322,659
8,323,659
8,324,658
8,324,658
8,326,658
8,327,658
8,327,656
8,327,655
8,327,654
8,327,652
8,327,652
8,327,651
8,327,648
8,328,648
8,329,649
8,330,648
8,331,648
8,330,647
8,331,646
8,332,646
8,333,646
8,333,645
8,333,644
8,334,643
8,334,642
8,335,642
8,335,639
8,335,639
8,335,639
8,335,638
8,335,638
8,335,637
8,335,636
8,336,635
8,335,634
8,336,634
8,336,633
8,337,632
8,337,632
8,338,632
8,339,632
8,340,632
8,340,632
8,341,631
8,341,631
8,342,630
8,342,630
8,343,630
8,344,629
8,343,629
8,344,628
8,345,627
8,345,627
8,346,627
8,347,627
8,348,626
8,349,626
8,349,626
8,349,626
8,349,625
8,349,624
8,350,623
8,350,623
8,350,623
8,350,621
8,350,620
8,350,619
8,351,619
8,351,618
8,349,615
8,349,614
8,350,614
8,349,613
8,350,612
8,350,612
8,349,611
8,349,611
8,350,611
8,350,610
8,349,607
8,349,606
8,349,605
8,349,605
8,349,605
8,350,605
8,349,603
8,347,602
8,348,601
8,347,599
8,346,597
8,345,595
8,344,592
8,345,591
8,345,590
8,344,590
8,344,589
8,344,588
8,344,587
8,344,587
8,344,586
8,343,585
8,341,581
8,339,580
8,338,578
8,338,577
8,338,576
8,338,576
8,338,576
8,338,576
8,337,576
8,337,575
8,337,574
8,337,574
8,338,575
8,338,575
8,338,575
8,338,574
8,338,573
8,338,573
8,337,573
8,337,573
8,337,570
8,336,570
8,336,570
8,337,570
8,337,569
8,335,566
8,335,565
8,333,564
8,334,563
8,334,562
8,332,558
8,332,556
8,330,552
8,329,550
8,330,550
8,330,550
8,331,550
8,330,549
8,330,550
8,329,548
8,329,547
8,327,544
8,326,542
8,326,543
8,324,536
8,324,536
8,326,538
8,324,535
8,324,534
8,321,527
8,322,525
8,323,524
8,323,523
8,324,522
8,325,522
8,325,522
8,327,522
8,327,521
8,328,521
8,328,521
8,329,521
8,330,522
10,88,136
10,88,136
10,87,134
10,87,134
10,87,133
10,87,134
10,88,135
10,89,136
10,88,137
10,88,136
10,88,137
10,88,137
10,88,137
10,88,137
10,88,136
10,88,135
10,88,135
10,89,137
10,91,137
10,88,134
10,89,133
10,88,131
10,93,140
10,94,143
10,95,144
10,94,144
10,95,144
10,94,145
10,95,145
10,95,146
10,94,146
10,94,147
10,94,147
10,93,148
10,90,142
10,91,142
10,94,148
10,94,149
10,81,134
10,83,137
10,84,137
10,85,140
10,91,147
10,92,149
10,97,155
10,100,158
10,100,157
10,100,157
10,99,156
10,101,157
10,102,160
10,102,157
10,103,159
10,105,159
10,105,159
10,105,158
10,104,158
10,104,157
10,104,156
10,103,156
10,104,156
10,104,156
10,105,157
10,105,156
10,107,159
10,110,162
10,110,162
10,111,162
10,112,164
10,113,165
10,112,162
10,113,162
10,112,162
10,114,162
10,114,163
10,115,163
10,117,166
10,117,166
10,117,167
10,117,167
10,116,166
10,115,165
10,116,165
10,109,155
10,116,164
10,114,163
10,117,167
10,119,170
10,118,169
10,118,170
10,114,166
10,116,170
10,117,171
10,117,171
10,117,172
10,118,172
10,118,172
10,118,172
10,118,172
10,119,172
10,120,173
10,120,173
10,120,173
10,120,174
10,120,173
10,120,173
10,120,173
10,121,174
10,121,174
10,121,173
10,121,173
10,121,173
10,122,174
10,122,174
10,123,176
10,123,176
10,123,176
10,124,177
10,123,177
10,123,177
10,123,177
10,124,178
10,125,179
10,125,179
10,123,178
10,125,181
10,125,181
10,124,180
10,122,179
10,122,179
10,120,177
10,118,172
10,115,170
10,114,167
10,113,165
10,113,164
10,114,164
10,111,159
10,113,164
10,115,166
10,116,166
10,116,167
10,111,158
10,107,153
10,115,164
10,109,155
10,116,165
10,119,168
10,120,169
10,120,170
10,120,170
10,120,170
10,120,170
10,119,170
10,121,172
10,122,172
10,121,174
10,121,173
10,121,173
10,124,178
10,125,180
10,125,181
10,125,180
10,126,181
10,125,181
10,123,178
10,125,181
10,125,182
10,124,179
10,122,178
10,123,178
10,122,178
10,123,178
10,123,179
10,124,179
10,124,179
10,124,180
10,125,180
10,125,180
10,124,180
10,124,181
10,121,174
10,120,173
10,120,172
10,115,163
10,118,169
10,120,171
10,120,172
10,121,173
10,121,174
10,121,175
10,121,174
10,125,180
10,126,182
10,127,183
10,128,183
10,128,184
10,125,179
10,123,177
10,122,177
10,119,171
10,116,167
10,114,163
10,101,140
10,96,131
10,97,129
10,98,128
10,99,128
10,102,128
10,103,128
10,104,128
10,106,129
10,107,128
10,109,129
10,111,130
10,112,132
10,115,135
10,117,137
10,118,137
10,120,138
10,122,140
10,124,143
10,124,142
10,124,142
10,126,143
10,126,143
10,127,146
10,129,148
10,128,148
10,128,148
10,127,147
10,129,149
10,129,151
10,130,152
10,128,151
10,129,152
10,127,152
10,128,153
10,129,155
10,129,155
10,127,152
10,125,151
10,125,149
10,125,148
10,120,142
10,125,147
10,127,149
10,132,154
10,136,158
10,143,169
10,146,173
10,146,175
10,145,174
10,145,175
10,146,177
10,147,177
10,148,179
10,146,177
10,145,177
10,145,176
10,145,177
10,142,172
10,141,171
10,141,171
10,141,172
10,141,173
10,141,173
10,143,174
10,144,176
10,145,177
10,144,178
10,144,178
10,144,178
10,144,179
10,145,179
10,144,180
10,145,180
10,146,181
10,152,190
10,154,195
10,155,197
10,154,198
10,153,197
10,152,196
10,152,197
10,152,197
10,152,196
10,152,196
10,152,196
10,153,196
10,153,196
10,153,196
10,153,196
10,153,196
10,154,196
10,154,197
10,155,197
10,156,198
10,155,199
10,154,199
10,146,186
10,143,181
10,144,180
10,145,179
10,145,179
10,145,178
10,146,178
10,146,179
10,148,180
10,149,180
10,149,181
10,149,181
10,150,181
10,149,180
10,150,181
10,150,181
10,152,182
10,151,181
10,151,181
10,152,180
10,153,182
10,158,191
10,160,195
10,156,189
10,160,194
10,160,197
10,161,200
10,162,201
10,162,202
10,161,202
10,160,203
10,158,202
10,157,200
10,155,199
10,152,197
10,152,197
10,144,185
10,141,179
10,134,166
10,133,163
10,134,162
10,135,161
10,137,162
10,137,160
10,140,162
10,143,164
10,145,165
10,147,167
10,148,168
10,149,167
10,150,167
10,150,167
10,152,169
10,156,173
10,156,175
10,171,194
10,174,202
10,176,206
10,175,209
10,175,211
10,175,213
10,173,214
10,173,214
10,172,215
10,171,216
10,170,216
10,169,216
10,166,214
10,166,214
10,164,213
10,164,214
10,163,213
10,163,214
10,162,214
10,163,215
10,162,214
10,162,214
10,162,214
10,162,213
10,160,211
10,158,210
10,158,209
10,158,210
10,159,212
10,159,213
10,160,215
10,160,216
10,160,215
10,160,215
10,160,216
10,159,216
10,160,216
10,158,214
10,157,214
10,156,213
10,158,214
10,157,213
10,156,214
10,157,214
10,156,214
10,157,213
10,157,214
10,157,215
10,157,214
10,157,214
10,157,214
10,158,215
10,158,216
10,158,216
10,158,216
10,159,217
10,159,217
10,159,217
10,159,217
10,159,217
10,158,216
10,158,215
10,156,214
10,154,212
10,154,212
10,153,210
10,153,210
10,152,210
10,151,210
10,151,209
10,149,208
10,147,206
10,146,206
10,146,205
10,146,206
10,148,207
10,150,206
10,151,206
10,152,207
10,153,207
10,155,208
10,157,210
10,158,211
10,158,211
10,160,212
10,160,212
10,159,212
10,160,211
10,161,212
10,161,213
10,162,214
10,162,214
10,161,214
10,160,211
10,162,215
10,163,216
10,164,216
10,162,214
10,160,211
10,159,211
18,162,431
18,164,434
18,165,436
18,166,437
18,166,437
18,168,438
18,168,437
18,168,436
18,169,438
18,170,439
18,171,439
18,171,440
18,172,442
18,173,443
18,173,443
18,173,443
18,173,441
18,174,441
18,174,442
18,175,442
18,175,441
18,176,444
18,178,447
18,179,448
18,179,449
18,180,450
18,181,453
18,182,455
18,183,456
18,183,456
18,182,457
18,182,457
18,182,459
18,183,461
18,182,461
18,182,461
18,182,462
18,182,462
18,183,461
18,182,462
18,182,463
18,182,462
18,183,463
18,184,464
18,185,465
18,185,465
18,187,466
18,187,466
18,188,468
18,188,467
18,189,467
18,188,469
18,189,470
18,189,470
18,189,470
18,190,473
18,191,474
18,189,467
18,192,473
18,194,476
18,196,478
18,197,479
18,199,480
18,199,482
18,200,482
18,199,477
18,199,477
18,200,477
18,200,476
18,201,477
18,199,476
18,200,477
18,199,478
18,199,479
18,199,479
18,200,480
18,200,481
18,200,480
18,200,480
18,201,480
18,202,481
18,201,483
18,203,484
18,203,485
18,203,483
18,203,481
18,203,482
18,206,487
18,207,487
18,208,485
18,207,484
18,208,484
18,213,494
18,214,498
18,216,499
18,216,502
18,218,502
18,219,501
18,220,502
18,222,503
18,222,503
18,222,504
18,223,505
18,224,507
18,225,509
